ticker,name,quote_type,category,fund_family,total_assets,expense_ratio,currency,exchange,average_volume,last_price,trailing_pe,forward_pe,price_to_book,portfolio_pe,portfolio_price_to_book,return_on_equity,dividend_yield,top_10_concentration,metadata_available
AGG,iShares Core U.S. Aggregate Bond ETF,ETF,Intermediate Core Bond,iShares,138698178560,0.03,USD,PCX,10031775,98.9000015258789,126.147964,,0.85704875,,,,3.93,0.0304788,True
BIV,Vanguard Intermediate-Term Bond Index Fund,ETF,Intermediate Core Bond,Vanguard,51797950464,0.03,USD,PCX,2141431,76.81999969482422,,,,,,,4.1,,True
BND,Vanguard Total Bond Market Index Fund,ETF,Intermediate Core Bond,Vanguard,387461611520,0.03,USD,NGM,8570653,73.36000061035156,,,,,,,3.91,,True
DGRO,iShares Core Dividend Growth ETF,ETF,Large Value,iShares,37549682688,0.08,USD,PCX,2392710,73.43000030517578,23.240993,,,22.21235006663705,3.5844863431070326,,2.1,0.263667799,True
DVY,iShares Select Dividend ETF,ETF,Mid-Cap Value,iShares,22291916800,0.38,USD,NGM,438560,154.6300048828125,15.565585,,1.3063055,15.239256324291375,1.7869587748610638,,3.46,0.184984899,True
FTEC,Fidelity MSCI Information Technology Index ETF,ETF,Technology,Fidelity Investments,15053115392,0.084,USD,PCX,442801,250.1999969482422,37.462296,,,31.152647975077883,7.978935609989628,,0.46,0.589383105,True
GOVT,iShares U.S. Treasury Bond ETF,ETF,Intermediate Government,iShares,40681287680,0.05,USD,BTS,11734918,22.780000686645508,,,,,,,3.53,,True
HDV,iShares Core High Dividend ETF,ETF,Large Value,iShares,13547995136,0.08,USD,PCX,3801011,27.34000015258789,4.4041133,,,21.862702229995627,3.5770496494491346,,2.92,0.525201001,True
HYG,iShares iBoxx $ High Yield Corporate Bond ETF,ETF,High Yield Bond,iShares,16378809344,0.49,USD,PCX,54764675,80.05999755859375,11.00834,1334.3334,0.9101243,,,,5.88,0.0104704,True
HYLB,Xtrackers USD High Yield Corporate Bond ETF,ETF,High Yield Bond,Xtrackers,3126557696,0.05,USD,PCX,2033568,36.56999969482422,,,,,,,6.39,,True
IEF,iShares 7-10 Year Treasury Bond ETF,ETF,Long Government,iShares,48925843456,0.15,USD,NGM,10363580,94.73999786376953,,,0.80865157,,,,3.82,,True
IEI,iShares 3-7 Year Treasury Bond ETF,ETF,Intermediate Government,iShares,18661527552,0.15,USD,NGM,2272833,117.91000366210938,,,,,,,3.55,,True
IGSB,iShares 1-5 Year Investment Grade Corporate Bond ETF,ETF,Short-Term Bond,iShares,21914433536,0.04,USD,NGM,3725893,52.380001068115234,,,,,,,4.51,,True
IUSB,iShares Core Universal USD Bond ETF,ETF,Intermediate Core-Plus Bond,iShares,36142247936,0.06,USD,NGM,3401143,46.09000015258789,10.9509945,,,,,,4.23,0.0274063,True
IVV,iShares Core S&P 500 ETF,ETF,Large Blend,iShares,720543350784,0.03,USD,PCX,8372646,724.010009765625,28.575453,,1.6802938,25.786487880350695,4.786979415988511,,1.23,0.36423919600000004,True
IWB,iShares Russell 1000 ETF,ETF,Large Blend,iShares,42777825280,0.15,USD,PCX,1656750,393.8900146484375,27.942701,,1.6292605,25.310048089091367,4.530011325028313,,1.06,0.33611659450000003,True
IWF,iShares Russell 1000 Growth ETF,ETF,Large Growth,iShares,111773540352,0.18,USD,PCX,12116798,120.05000305175781,9.001321,,0.49393535,31.9693094629156,11.279043537108054,,0.4,0.5890495920000001,True
IYW,iShares U.S. Technology ETF,ETF,Technology,iShares,17692475392,0.38,USD,PCX,1807783,221.00999450683594,37.98957,,2.0021017,31.191515907673114,8.94134477825465,,0.15,0.631056879,True
JNK,State Street SPDR Bloomberg High Yield Bond ETF,ETF,High Yield Bond,State Street Investment Management,6959778304,0.4,USD,PCX,5989935,96.4000015258789,20.196943,,0.8884629,,,,6.68,,True
LQD,iShares iBoxx $ Investment Grade Corporate Bond ETF,ETF,Corporate Bond,iShares,28883736576,0.14,USD,PCX,41083046,108.5999984741211,32.83943,,0.8028803,,,,4.52,0.0125126,True
NOBL,ProShares S&P 500 Dividend Aristocrats ETF,ETF,Large Value,ProShares,11058682880,0.35,USD,BTS,786441,107.66999816894531,23.643867,,,23.27205026762858,3.108389543377576,,2.14,0.170612001,True
OEF,iShares S&P 100 ETF,ETF,Large Blend,iShares,17841272832,0.2,USD,PCX,1557013,356.70001220703125,29.758705,,1.9835842,26.532236667551075,5.664438654129376,,0.98,0.505488493,True
QQQM,Invesco NASDAQ 100 ETF,ETF,Large Growth,Invesco,68830765056,0.15,USD,NGM,4233221,277.5400085449219,35.631462,,,30.506406345332522,7.454342154304883,,0.53,0.46725870999999997,True
SCHD,Schwab U.S. Dividend Equity ETF,ETF,Large Value,Schwab ETFs,84820000768,0.06,USD,PCX,23690698,31.860000610351562,19.029898,,,18.32508704416346,3.53431823001343,,3.44,0.4023628000000001,True
SCHG,Schwab U.S. Large-Cap Growth ETF,ETF,Large Growth,Schwab ETFs,48416563200,0.04,USD,PCX,18317871,33.13999938964844,35.574066,,,31.269543464665414,8.350730688935283,,0.43,0.5722128020000001,True
SCHX,Schwab U.S. Large-Cap ETF,ETF,Large Blend,Schwab ETFs,61436944384,0.03,USD,PCX,22722815,28.3799991607666,28.24694,,,25.529742149604285,4.622140050843541,,1.17,0.34059150200000005,True
SCHZ,Schwab U.S. Aggregate Bond ETF,ETF,Intermediate Core Bond,Schwab ETFs,10019860480,0.03,USD,PCX,2325575,23.1299991607666,,,,,,,4.07,,True
SDY,State Street SPDR S&P Dividend ETF,ETF,Mid-Cap Value,State Street Investment Management,20672563200,0.35,USD,PCX,213128,149.13999938964844,20.978302,,,20.542317173377157,2.926972047416947,,2.53,0.207140599,True
SHY,iShares 1-3 Year Treasury Bond ETF,ETF,Short Government,iShares,24748150784,0.15,USD,NGM,5208250,82.25,3738.6365,,0.9537117,,,,3.75,,True
SHYG,iShares 0-5 Year High Yield Corporate Bond ETF,ETF,High Yield Bond,iShares,7458061312,0.3,USD,PCX,1702420,42.459999084472656,10.811614,,,,,,7.1,0.0123462,True
SJNK,State Street SPDR Bloomberg Short Term High Yield Bond ETF,ETF,High Yield Bond,State Street Investment Management,4721541632,0.4,USD,PCX,4305348,25.06999969482422,0.908992,,,,,,7.15,,True
SPLG,State Street SPDR Portfolio S&P 500 ETF,ETF,Large Blend,State Street Investment Management,97328324608,0.02,USD,PCX,10140375,80.0,27.429676,,,27.563395810363836,5.073566717402334,,1.13,0.396130598,True
TLT,iShares 20+ Year Treasury Bond ETF,ETF,Long Government,iShares,42618560512,0.15,USD,NGM,35233733,85.61000061035156,,-4280.75,0.57511836,,,,4.49,,True
USIG,iShares Broad USD Investment Grade Corporate Bond ETF,ETF,Corporate Bond,iShares,17055147008,0.04,USD,NGM,3134268,51.099998474121094,,,,,,,4.68,0.0027088001,True
VCIT,Vanguard Intermediate-Term Corporate Bond Index Fund ETF Shares,ETF,Corporate Bond,Vanguard,66028621824,0.03,USD,NGM,12948020,82.58000183105469,,,,,,,4.72,,True
VCSH,Vanguard Short-Term Corporate Bond Index Fund ETF Shares,ETF,Short-Term Bond,Vanguard,48491991040,0.03,USD,NGM,5420931,78.9800033569336,,,,,,,4.41,,True
VGIT,Vanguard Intermediate-Term Treasury Index Fund ETF Shares,ETF,Intermediate Government,Vanguard,48471842816,0.03,USD,NGM,3301073,59.15999984741211,,,,,,,3.82,,True
VGLT,Vanguard Long-Term Treasury Index Fund ETF Shares,ETF,Long Government,Vanguard,14362285056,0.03,USD,NGM,2723686,54.72999954223633,,,,,,,4.49,,True
VGSH,Vanguard Short-Term Treasury Index Fund ETF Shares,ETF,Short Government,Vanguard,33368180736,0.03,USD,NGM,4067166,58.310001373291016,,,,,,,3.95,,True
VGT,Vanguard Information Technology Index Fund ETF Shares,ETF,Technology,Vanguard,121284206592,0.09,USD,PCX,4219785,104.8499984741211,37.457523,,,31.162355874104083,7.937137868084769,,0.44,0.5903458149999999,True
VIG,Vanguard Dividend Appreciation Index Fund ETF Shares,ETF,Large Blend,Vanguard,117045436416,0.04,USD,PCX,1333496,228.44000244140625,26.489157,,,24.93765586034913,4.7485635595232445,,1.61,0.320828198,True
VOO,Vanguard S&P 500 ETF,ETF,Large Blend,Vanguard,1421127057408,0.03,USD,PCX,10116356,662.52001953125,28.604385,,1.6950575,25.81311306143521,4.798464491362764,,1.19,0.36516970099999996,True
VUG,Vanguard Growth Index Fund ETF Shares,ETF,Large Growth,Vanguard,317921722368,0.03,USD,PCX,9919028,83.86000061035156,37.55498,,0.38869244,32.59452411994785,10.797969981643451,,0.46,0.6387236059999999,True
VYM,Vanguard High Dividend Yield Index Fund ETF Shares,ETF,Large Value,Vanguard,88722817024,0.04,USD,PCX,1569960,156.50999450683594,21.757996,,,20.588840848260244,2.9233782559125325,,2.37,0.24404999900000002,True
XLK,State Street Technology Select Sector SPDR ETF,ETF,Technology,State Street Investment Management,84198424576,0.08,USD,PCX,16966436,161.8699951171875,38.477707,,1.0837936,31.605562579013906,9.00657479960371,,0.57,0.6132790980000001,True
